object_id,y,x,green_id,red_id,status,area,green_peak,red_peak
1,14.01846646641493,809.391378154709,1,0,live_only,110,174.20664173350144,0.0
2,34.54844500963804,420.0411966545838,2,6,double_positive,54,22.252889988627636,30.382958641439494
3,48.01480888330043,1007.7040971303065,3,0,live_only,53,16.25612271998523,0.0
4,47.548486144670285,36.462325907627296,4,8,double_positive,32,24.936613668247126,11.102227647197694
5,53.18754722049584,174.5725071508448,5,0,live_only,69,14.759701647854616,0.0
6,62.19130166988063,761.2505882422878,6,12,double_positive,67,113.35226098001732,9.285407034669522
7,69.77835586488196,142.73418539157646,7,0,live_only,99,21.849582328278448,0.0
8,72.59199414363489,647.3386798855589,8,0,live_only,117,44.723424865074364,0.0
9,75.52673079235606,8.816284133085924,9,0,live_only,34,13.612311880113088,0.0
10,76.21355124714644,170.0995533328767,10,0,live_only,98,89.70846904565501,0.0
11,75.85541283131691,277.30362245941825,11,0,live_only,121,193.02572465235852,0.0
12,76.26238724791429,361.06123256801607,12,15,double_positive,43,22.278970503651564,41.03337882999066
13,80.70405730635058,372.8876105062778,13,16,double_positive,59,13.875183550134256,25.26957242060116
14,82.94447735660151,744.2221700578777,14,0,live_only,107,119.70253527482414,0.0
15,82.44565203159945,333.4363660578497,15,17,double_positive,41,22.89711235929518,26.861693630166826
16,92.03051435341453,71.60611588693125,16,0,live_only,86,123.40343943449281,0.0
17,105.6051428811128,460.8930577057891,17,0,live_only,100,89.38856519145082,0.0
18,108.9118849820911,555.5415769879824,18,0,live_only,88,20.060609503244777,0.0
19,110.96135399213635,745.6111002519731,19,0,live_only,63,33.80210630935784,0.0
20,114.36930079867659,786.3524424809791,20,0,live_only,83,94.26175026790287,0.0
21,115.3421549742278,994.9507274397631,21,29,double_positive,35,15.343479799613995,16.76541677139852
22,120.31472656851527,677.15570762069,22,0,live_only,109,49.47772086045892,0.0
23,123.52681912017641,829.6908071595637,23,0,live_only,46,14.486422017333545,0.0
24,134.4706764502564,739.1954001579377,24,0,live_only,99,188.47052458750449,0.0
25,135.85920836334245,493.06424121461913,25,0,live_only,85,58.36966163402878,0.0
26,133.7803239126049,839.079117546999,26,33,double_positive,40,19.666858187371414,26.679721301461434
27,139.10827068869554,924.5946972090446,27,34,double_positive,55,44.287817518460486,38.60007047361174
28,143.4559615121836,209.16835671384086,28,0,live_only,59,10.146963995682864,0.0
29,145.75289219135237,408.64326062183613,29,0,live_only,98,173.83936746966356,0.0
30,146.58674078227745,337.3246760255331,30,38,double_positive,32,16.658981610014663,15.17579507215248
31,157.4008138171377,155.68708373673664,31,0,live_only,96,220.6936806781521,0.0
32,163.39942478182434,16.361780247944214,32,0,live_only,107,203.66283860525058,0.0
33,165.72100943744985,198.90232706572272,33,0,live_only,124,42.58615762056688,0.0
34,165.20758091626882,497.1597805602631,34,0,live_only,78,170.15216425351696,0.0
35,171.4361160040717,125.07702378886593,35,0,live_only,98,64.97573942182274,0.0
36,179.54020164815304,39.037147272814934,36,0,live_only,94,23.26029354159907,0.0
37,176.58537115819234,149.18614344704775,37,43,double_positive,34,35.93844612050941,50.01023657062962
38,180.80101034777715,179.39562654393868,38,0,live_only,54,11.399048766690203,0.0
39,179.3536932269845,197.80926972959324,39,0,live_only,21,12.247604722485034,0.0
40,184.48600546406703,579.6329322061306,40,44,double_positive,37,40.11652725912688,83.34666668772022
41,189.5286359924859,78.2407466290677,41,0,live_only,127,126.23995522614128,0.0
42,197.5929505352506,452.8712833747518,42,47,double_positive,36,15.127478036507505,19.823938508120882
43,202.5812230585146,698.2121286316411,43,0,live_only,93,76.81181885222031,0.0
44,204.4005802105962,131.21021111988938,44,48,double_positive,81,135.18250522367197,6.031920361814623
45,206.45807513048652,82.62440448391524,45,0,live_only,70,164.49987086276673,0.0
46,208.07083053794855,720.1214537506991,46,52,double_positive,97,229.25640269559108,9.886227937861694
47,208.80104617964247,345.15216834906033,47,0,live_only,34,11.802946066584116,0.0
48,212.17319991410596,39.787961251387834,48,53,double_positive,46,28.263628689549694,41.98428820940347
49,220.39089886655714,776.8272816765718,49,0,live_only,219,103.97113171550517,0.0
50,215.15419019568225,937.1140779879518,50,54,double_positive,43,23.27960349944565,40.84392051085473
51,220.84226104832413,548.8778998271998,51,0,live_only,124,177.8802425069471,0.0
52,223.45998346550354,514.1912837435476,52,0,live_only,65,17.005682371165342,0.0
53,224.1664576652263,741.5994174728069,53,55,double_positive,41,16.784045872471246,42.12077428733088
54,228.75377914871095,156.72452938832356,54,0,live_only,87,180.74307377586177,0.0
55,228.49130078810205,498.0647335795379,55,0,live_only,80,200.17666341809976,0.0
56,247.82665802469174,114.4975997030223,56,0,live_only,96,178.49819352900016,0.0
57,249.89442772379823,39.832453800195566,57,0,live_only,99,203.7472559869069,0.0
58,258.0095516544809,63.56924755506117,58,0,live_only,83,75.26819931253013,0.0
59,257.5428752670739,125.82375163614394,59,61,double_positive,75,141.03777919773668,10.801931459415359
60,263.0851071189062,677.5132970113101,60,62,double_positive,48,21.015196104472974,8.227327034614003
61,265.40291754727764,1014.7496967921786,61,63,double_positive,32,12.703180482685333,13.96311408575542
62,271.253146660672,137.88231118625822,62,0,live_only,109,190.3450465035248,0.0
63,278.1453870180646,532.03255095311,63,65,double_positive,111,106.68820657514274,7.299306096020409
64,273.43560601609676,522.625854301674,64,0,live_only,84,43.65895252005338,0.0
65,274.3857855773275,236.75673469873792,65,0,live_only,79,22.791749292823752,0.0
66,274.1063781064979,968.6553804853897,66,64,double_positive,31,25.87044051158269,19.65981541174699
67,278.07996687895496,804.9680736371255,67,0,live_only,102,102.17996566998471,0.0
68,283.5909301477572,200.29661979656976,68,0,live_only,109,17.92248711008157,0.0
69,289.3391054920535,14.30468003789497,69,70,double_positive,40,14.44777947763166,29.308613324453464
70,301.2593505608311,59.87159982616656,70,0,live_only,99,230.86898747309937,0.0
71,292.18626384144534,56.369380494848755,71,0,live_only,64,150.87518450722015,0.0
72,294.62336565131875,190.43609636144612,72,0,live_only,91,55.873195282078186,0.0
73,297.95296891111633,150.6342308937758,73,0,live_only,99,226.49853380323788,0.0
74,296.52569343607547,512.1501243854326,74,72,double_positive,99,119.64346924078272,19.83114306389746
75,299.2490446172008,664.9751686889211,75,0,live_only,92,42.3535312954982,0.0
76,305.5747195465564,761.4014345655885,76,0,live_only,81,28.564651343059356,0.0
77,307.7642003060851,367.7227028859991,77,0,live_only,110,84.58510825099094,0.0
78,318.16244414746996,366.99322524085676,78,0,live_only,29,16.233531106756864,0.0
79,312.3725242684597,799.3244093474302,79,0,live_only,90,35.37129033335183,0.0
80,312.64194925900074,205.4802358209701,80,76,double_positive,44,46.91851571227213,72.98477577733388
81,315.9197896346449,17.608299927006733,81,0,live_only,69,28.900640152739694,0.0
82,327.1471249399061,93.49098837503077,82,0,live_only,92,234.93663979375833,0.0
83,326.4934878161849,66.08522151633814,83,0,live_only,45,10.24583161309537,0.0
84,330.6244262410462,281.198903660828,84,80,double_positive,41,21.047703631146643,27.83165394070114
85,337.505369182429,768.8339244208544,85,0,live_only,115,11.248441741282257,0.0
86,335.79175507852125,836.6386133833568,86,0,live_only,37,24.80906013006233,0.0
87,342.67320305005865,196.30524530988473,87,0,live_only,90,90.99504974653259,0.0
88,347.43710732175936,151.81438130012276,88,82,double_positive,67,66.6101049264519,5.707719053583441
89,354.4724447605523,740.4877696915472,89,0,live_only,87,134.6860197810164,0.0
90,362.98169457421886,746.8525107913302,90,0,live_only,72,36.513604925240244,0.0
91,370.46099367475847,747.2825506237878,91,95,double_positive,41,22.131891027654476,15.31382956270292
92,353.2859295471997,867.7476087207729,92,84,double_positive,34,17.21286765026317,12.26254140606246
93,353.34029758761966,1006.6471962749629,93,85,double_positive,34,14.603944737695736,12.256437075960559
94,356.48540199243183,231.14049516085197,94,0,live_only,80,43.243305655695046,0.0
95,359.3495632231153,107.62433738112266,95,0,live_only,81,86.60422465481867,0.0
96,356.898596597665,303.8156458422465,96,88,double_positive,31,25.39408511984797,48.60942459926363
97,362.987165469847,917.9622936565148,97,91,double_positive,42,17.058265962221306,50.7071684802563
98,369.1300854157006,519.7235633450532,98,0,live_only,94,29.983298878507632,0.0
99,372.2178146967562,186.82190074005348,99,94,double_positive,58,35.33080680013694,46.78985228407103
100,382.5832413752158,524.0262929910584,100,0,live_only,111,66.15585145935925,0.0
101,384.0671814686006,406.5216820346683,101,98,double_positive,39,28.774251787691306,43.86111510162183
102,389.9384811616594,278.84361160647927,102,0,live_only,73,36.85682851619505,0.0
103,389.2070204184619,394.91194520168426,103,99,double_positive,42,13.143525764637396,42.38359426834703
104,392.0757914321764,132.45628700368505,104,102,double_positive,36,28.972460475027454,46.584244949167044
105,399.9425351071082,720.0337043772311,105,106,double_positive,35,21.17139842586642,19.69361152542975
106,403.1179359470083,130.11133932925227,106,107,double_positive,38,38.56714142294436,74.13937620690187
107,410.3634085456348,487.41095183702834,107,0,live_only,87,77.27066644093816,0.0
108,411.6625624821408,215.6427932812066,108,0,live_only,37,14.25752482782975,0.0
109,416.1105829431878,777.0136914268608,109,0,live_only,87,107.44469474399084,0.0
110,419.0521712320136,901.8996572292803,110,0,live_only,97,33.59679706401378,0.0
111,424.2043481574884,198.89146942685,111,114,double_positive,74,142.30222808715553,8.780727064097677
112,427.5662544792429,628.9454727836041,112,118,double_positive,44,20.14941204877045,52.8763188714684
113,433.6374753600836,475.5457338673233,113,0,live_only,93,28.988997813077177,0.0
114,432.4359095814099,671.5060474039188,114,0,live_only,105,85.7903989583877,0.0
115,435.94417402301394,690.0426250084522,115,120,double_positive,40,37.699484815968155,46.324015715306615
116,443.61659850947433,191.0117078300307,116,124,double_positive,40,29.11747039585213,40.107272797405564
117,449.4611613903649,36.31640361417075,117,0,live_only,102,22.352861752642482,0.0
118,450.65041751716245,745.3671814997705,118,129,double_positive,38,10.373397712057626,5.257354531609802
119,455.41270091319234,1005.2933683096518,119,0,live_only,93,200.07527570532514,0.0
120,455.4822626984899,623.0698811868134,120,128,double_positive,41,12.960576929916765,6.575229768514321
121,458.93942685852113,728.5448015881233,121,0,live_only,89,179.76128943746824,0.0
122,462.16137461667665,435.5393775453814,122,0,live_only,97,34.363126754155715,0.0
123,462.7837800308013,675.7536256227127,123,0,live_only,89,19.187950704341873,0.0
124,464.54119526072145,385.7309158586145,124,0,live_only,78,188.32868482165827,0.0
125,466.16077640863625,167.23506603654397,125,136,double_positive,46,19.492526930650772,34.03882698373471
126,473.81596000920246,338.98267349995143,126,0,live_only,133,86.16037981825225,0.0
127,475.5652735627367,200.45966365785733,127,0,live_only,104,180.28070075378568,0.0
128,471.3996280265827,806.220513136502,128,138,double_positive,31,19.252109596479993,13.875889959698439
129,477.36133112053903,766.4418867203684,129,0,live_only,99,171.6424948613324,0.0
130,485.87887747969074,96.01791022968628,130,0,live_only,104,170.7325843809864,0.0
131,486.29753985968216,991.6745970752146,131,144,double_positive,37,29.494533489619855,48.706807978666916
132,491.971080165746,552.1552924491218,132,0,live_only,103,24.807199596180148,0.0
133,492.27797636433235,163.71868469240542,133,0,live_only,26,10.910421381392169,0.0
134,497.8313301177259,260.60434389581883,134,0,live_only,123,220.27506093983408,0.0
135,496.91819940683143,405.2004150142419,135,0,live_only,87,160.15773436503264,0.0
136,501.40000842858075,596.3345481689367,136,0,live_only,118,217.8469486317909,0.0
137,502.07394984273867,431.0906390129454,137,0,live_only,69,38.284828186062526,0.0
138,505.1104155351817,823.8557921130051,138,0,live_only,133,61.08880994927292,0.0
139,501.91199666552785,748.7033124989698,139,151,double_positive,44,28.690496308866585,48.279482035049114
140,510.6662478964134,522.5071959324575,140,0,live_only,121,134.85588254345598,0.0
141,512.6551103238126,368.61551277261253,141,0,live_only,113,24.978736528951167,0.0
142,511.5911379311328,921.2148054013553,142,0,live_only,81,220.42365420365266,0.0
143,513.0249317195984,753.0380260277503,143,0,live_only,92,135.95637730398303,0.0
144,514.1809430755775,677.4038078312295,144,0,live_only,54,12.977457362121124,0.0
145,517.7365214051713,303.03348374598374,145,0,live_only,102,211.62251339850656,0.0
146,519.8843296925226,19.878015778064476,146,154,double_positive,43,32.27080154120108,30.22234807026436
147,529.4973447219013,900.4312331118291,147,0,live_only,102,20.182906289395138,0.0
148,536.6126742259382,902.9022564146583,148,0,live_only,68,12.547713647243876,0.0
149,533.746334156457,937.1684781907869,149,0,live_only,157,71.64840002637006,0.0
150,533.7448480534781,612.0335482967278,150,0,live_only,103,41.48899977059877,0.0
151,540.0228597080727,375.6451208702797,151,0,live_only,110,49.53263329353492,0.0
152,546.9322319965905,510.6031035803023,152,160,double_positive,108,214.33971586419372,15.723287070785199
153,555.2024774776794,394.12551502434445,153,164,double_positive,37,24.929393016652362,10.648659778531856
154,556.8243232774695,232.7956990790079,154,165,double_positive,34,11.210985001142419,31.64253484346509
155,560.6096577019634,101.2027581595292,155,0,live_only,113,227.7609380439971,0.0
156,559.7581906494182,920.618178835834,156,0,live_only,63,55.709804237730374,0.0
157,560.2719350927059,278.2665657898124,157,166,double_positive,43,26.673720376914645,64.23637164818192
158,564.4517876297708,443.0691004933501,158,167,double_positive,99,106.31071572127424,33.95192635075265
159,563.8931821466224,775.9512436347367,159,170,double_positive,42,31.296635149756764,58.73884522358511
160,573.467267744083,1009.3534227390751,160,0,live_only,148,180.70293266546017,0.0
161,574.9782790154759,496.3252713473265,161,0,live_only,82,35.02591734604226,0.0
162,577.120698427078,377.13047405909555,162,0,live_only,84,52.23841329784307,0.0
163,577.1088843986922,400.4637922597968,163,174,double_positive,46,38.68659805641052,52.81988416003788
164,586.0503384218871,954.5907080759984,164,0,live_only,93,30.839784052455816,0.0
165,588.3569539135012,910.5201788722019,165,182,double_positive,69,199.53827591035815,5.638425814241698
166,590.5370547440734,227.76695717812214,166,0,live_only,96,229.21643552701946,0.0
167,588.4976123497622,551.6165077441846,167,0,live_only,64,49.74841669128603,0.0
168,587.2210722319081,638.8171867845729,168,180,double_positive,30,20.5847785916025,16.637696161219658
169,590.8882860892509,563.7632841191495,169,0,live_only,75,71.66637606595667,0.0
170,595.3596221732645,470.7440918112399,170,185,double_positive,60,30.06026462122123,57.53841720830797
171,595.3195724069969,185.97938857498315,171,184,double_positive,38,25.808522384345057,40.166832015859605
172,601.4851906103179,505.1814678032697,172,0,live_only,173,24.592818101645758,0.0
173,599.1174752167718,669.9493216494487,173,0,live_only,85,222.8077769948273,0.0
174,601.2925290200652,693.6654829733146,174,0,live_only,20,16.806686940740725,0.0
175,602.6074133075786,47.2842436301658,175,0,live_only,113,174.81284528842718,0.0
176,601.9792495470112,84.38774873000212,176,0,live_only,89,169.7836415529788,0.0
177,600.8862405486897,739.0719780198912,177,0,live_only,51,18.961494075661637,0.0
178,605.9244726907972,263.6515195381571,178,0,live_only,103,23.187702338059022,0.0
179,610.4205626870302,196.8454753068123,179,0,live_only,56,13.527398913462338,0.0
180,610.5092575713344,593.0705192163622,180,0,live_only,107,184.76480278334583,0.0
181,612.775103509084,323.4424745165218,181,0,live_only,112,165.60147236149058,0.0
182,619.669513108566,515.5415762049699,182,0,live_only,53,29.76478967113004,0.0
183,622.098799946278,687.1350923610607,183,0,live_only,75,185.31803270359205,0.0
184,624.9724779493055,40.43850481252835,184,0,live_only,80,209.371735601261,0.0
185,624.3321162568085,532.3457695536246,185,0,live_only,112,180.74118083325166,0.0
186,624.8865865721676,867.9590688332468,186,0,live_only,79,115.31787238423995,0.0
187,627.551582768159,736.9917475216719,187,0,live_only,33,10.330999263283687,0.0
188,641.9405671351119,442.01248159489353,188,198,double_positive,123,232.6531143900028,48.42704179006364
189,647.742409479178,35.18735668559312,189,0,live_only,96,53.997622085785714,0.0
190,650.4356470014447,397.3757724615511,190,0,live_only,73,11.991485511181653,0.0
191,652.0308897110106,677.6261571916906,191,0,live_only,97,232.17632898738543,0.0
192,659.057263038575,124.96780684286439,192,0,live_only,96,111.89207191132623,0.0
193,671.2722849296522,163.71665137960963,193,0,live_only,46,18.86284239669218,0.0
194,673.6709578867227,336.0398676950898,194,212,double_positive,112,233.32220346653907,70.37023815686196
195,670.2618592272611,503.98324077370995,195,211,double_positive,24,15.428225795491858,8.67491993091146
196,674.5598216297823,813.8788159558939,196,0,live_only,70,139.9628313493865,0.0
197,675.8762717924529,945.2468084999392,197,0,live_only,116,232.2368003082286,0.0
198,686.6610349217028,189.39770273459317,198,215,double_positive,117,230.25171060249536,11.33442855250251
199,695.9775480765487,910.6278006588493,199,0,live_only,133,66.3451494644789,0.0
200,693.7576527878084,425.81557594055164,200,216,double_positive,42,24.04805601233065,46.86776826230697
201,698.1094572159866,100.90379210965322,201,217,double_positive,62,69.20608865580562,55.57200052177047
202,703.1665183659036,941.0927425359596,202,0,live_only,98,18.93439902008872,0.0
203,700.6378277085566,246.7925172421628,203,220,double_positive,43,33.32404477858519,50.94519054159477
204,701.4726864724092,62.51303728282502,204,222,double_positive,34,29.43808737052916,60.7517692183858
205,702.8674072092165,493.6864812076571,205,223,double_positive,37,26.114862736348936,52.1764641596681
206,712.8587625865673,111.02983642789098,206,0,live_only,212,53.61528885849974,0.0
207,709.6289055894315,55.4760842742567,207,228,double_positive,40,18.06502648756163,41.78274729482582
208,716.2437815245574,731.3444595892271,208,0,live_only,87,70.81415077508,0.0
209,719.5375384494752,873.3261807944814,209,0,live_only,121,204.51014100524205,0.0
210,719.4354823396178,550.0455403642919,210,0,live_only,100,181.62532005051025,0.0
211,718.7267380500656,481.40310285956235,211,0,live_only,62,20.099599994609516,0.0
212,726.0680277813914,583.7652214465217,212,0,live_only,98,161.8705357678557,0.0
213,729.9543421548947,137.80447686284947,213,0,live_only,84,19.21024012759961,0.0
214,726.7346589991336,145.80633636738085,214,0,live_only,56,14.989646806302552,0.0
215,734.6774005701199,143.41222473735615,215,232,double_positive,39,14.214973739839234,18.24514088080757
216,728.9791821212406,822.8345152830047,216,0,live_only,42,12.012101796637031,0.0
217,732.8886143301744,47.082233337824896,217,0,live_only,138,171.65713011106195,0.0
218,734.8664314590824,851.9747421179281,218,0,live_only,68,24.64387937650542,0.0
219,739.5328280541537,869.3092489149477,219,235,double_positive,35,24.570686414302834,28.190824861045648
220,741.6423932310922,201.88078189433148,220,0,live_only,69,125.62479335781734,0.0
221,744.1200654044009,306.11429098754815,221,0,live_only,127,33.181511746024746,0.0
222,747.6986260669728,337.29722323797387,222,241,double_positive,91,44.74490324649273,6.185065441781264
223,760.5865737422446,177.38614833412058,223,0,live_only,121,85.60435178825779,0.0
224,748.3562675259806,169.9824447874375,224,0,live_only,39,18.098493926195168,0.0
225,752.5927478100796,601.3601234728471,225,0,live_only,82,197.66185834456002,0.0
226,756.2591585168396,102.28582769263522,226,0,live_only,162,41.71431109763458,0.0
227,761.1393961299761,223.10878732522386,227,243,double_positive,52,43.938976536111355,53.713816232141596
228,770.368797049337,709.0957723743469,228,0,live_only,113,233.7271060813021,0.0
229,769.6359698322873,419.56550261849384,229,246,double_positive,32,14.421462076431629,8.985550968183734
230,778.4956231825219,881.098869188444,230,0,live_only,134,36.081502909020365,0.0
231,779.2162269435072,324.01050226160845,231,0,live_only,108,82.68213003353392,0.0
232,781.2269042501327,802.7387833123114,232,0,live_only,118,230.80204808703834,0.0
233,781.8276927945197,341.37311485910703,233,0,live_only,80,226.17125945820317,0.0
234,790.1426991119562,640.9046168969523,234,0,live_only,107,234.63472745959456,0.0
235,791.7090914671437,771.4236141416028,235,0,live_only,143,101.24253598495257,0.0
236,793.738942128126,114.65242316236443,236,0,live_only,82,20.16648037667025,0.0
237,800.3959438595631,111.80570891509036,237,0,live_only,20,10.084885158238706,0.0
238,797.9534233979754,742.8553347190247,238,254,double_positive,101,227.54090144205162,18.830444892862936
239,796.8323534002249,90.48327674904887,239,255,double_positive,43,36.68178995490709,90.22609441451034
240,815.3933757858362,900.5757372920203,240,0,live_only,118,229.24027906112693,0.0
241,817.3048387857589,291.78268850256904,241,0,live_only,127,207.52288390254213,0.0
242,820.9102340275526,725.00211764794,242,0,live_only,110,221.29164309846473,0.0
243,824.2154048729076,765.9861726782146,243,0,live_only,126,230.73632459007317,0.0
244,824.2657673209488,578.9673130993092,244,259,double_positive,42,40.80602096968844,28.201621479048086
245,827.5684684492779,307.97153679391903,245,0,live_only,73,51.49651356882774,0.0
246,835.8109787928166,315.2783831389512,246,0,live_only,28,11.266662813584405,0.0
247,838.5852871824552,341.1526506737153,247,0,live_only,96,203.108477247673,0.0
248,844.5583646861132,874.5576398297085,248,0,live_only,142,33.47743611868034,0.0
249,842.1405436640549,794.9373618530767,249,264,double_positive,43,19.42353580888895,33.844770420456676
250,847.9529176741294,856.7632924016132,250,0,live_only,85,23.10743111948899,0.0
251,850.6193048852954,95.72312835963554,251,0,live_only,116,140.1789640126884,0.0
252,858.9308894342307,194.08269355542006,252,0,live_only,123,160.30515932437063,0.0
253,860.1726215238693,904.104267264704,253,0,live_only,100,80.90241035201838,0.0
254,862.4713492660698,256.4829283914149,254,0,live_only,134,227.77520008539787,0.0
255,861.4408591720265,628.8594311504695,255,269,double_positive,39,25.592138312797008,16.944866012388122
256,862.9156048707143,275.8218889070103,256,0,live_only,74,46.273383804890116,0.0
257,865.8687387269262,510.89112758704744,257,0,live_only,89,107.17882959744261,0.0
258,872.0334717675247,330.81071037160314,258,0,live_only,136,121.16709856816479,0.0
259,872.4835880889906,772.8662892473105,259,0,live_only,63,14.984069896944295,0.0
260,871.1820756611424,939.4505344111294,260,272,double_positive,33,25.092364708191354,44.52819322306421
261,874.4386028709612,111.90464161450434,261,276,double_positive,93,232.7232711723634,40.58844110565231
262,873.3069610554004,490.73531632245493,262,0,live_only,33,12.839508909629215,0.0
263,876.6865644859431,1004.0775791082937,263,0,live_only,126,92.13492315889289,0.0
264,877.2120231842273,540.3353977358648,264,0,live_only,100,209.82138626563375,0.0
265,880.8208394040726,60.42290479883495,265,0,live_only,123,78.80394435397756,0.0
266,881.9590829600717,966.2443633365391,266,0,live_only,116,116.24723599376861,0.0
267,878.9046460422983,558.803069178638,267,278,double_positive,36,30.07404606690973,37.98873918755001
268,888.0998634023401,491.2338661360978,268,0,live_only,82,179.59295100950345,0.0
269,893.1134683154194,120.73910062947003,269,0,live_only,114,101.43354582618832,0.0
270,896.9460534296968,931.1565530368794,270,0,live_only,88,215.89696034907317,0.0
271,897.5288037284432,253.44583964915927,271,285,double_positive,39,25.19024249779201,51.161818937659554
272,902.0386151918751,274.9276521882486,272,0,live_only,102,50.22940532499945,0.0
273,906.5732664902417,318.075319049807,273,0,live_only,130,224.66233835902514,0.0
274,908.5311582108975,504.5013600474829,274,290,double_positive,35,16.669172619960747,25.81315828758769
275,912.5822669608935,966.147875964969,275,292,double_positive,33,16.198033713301346,20.347420011995577
276,915.5385701930321,367.732348246796,276,0,live_only,131,230.1108669860369,0.0
277,918.466978212474,540.8069032657164,277,0,live_only,101,233.3229296498452,0.0
278,918.9622388372262,11.228792786192765,278,0,live_only,98,230.40575930622967,0.0
279,921.3942186471795,603.0214053635133,279,296,double_positive,38,27.797344900225912,19.304968865902783
280,923.1607378310522,385.3732601956198,280,0,live_only,53,23.902546146811652,0.0
281,924.8322049801061,403.6132712520936,281,300,double_positive,32,17.709149865124107,4.2233633756865805
282,930.5994139205787,176.96354919455393,282,303,double_positive,38,22.47821606806545,23.25481342244414
283,935.7907912813023,809.6262064529215,283,0,live_only,117,192.35679744413255,0.0
284,935.4916408035756,601.0659619047652,284,304,double_positive,36,38.53053742567819,47.78311839256508
285,943.0806702318879,519.4515142371405,285,0,live_only,86,14.782156656260366,0.0
286,940.8160832232876,173.35084545184927,286,307,double_positive,32,11.577040248693013,22.0502019514476
287,947.4481199569176,103.2858612535145,287,0,live_only,88,73.10307745658919,0.0
288,957.3236450373563,881.5841493738698,288,0,live_only,134,129.83742883973062,0.0
289,969.6395244764572,874.2571193018837,289,0,live_only,64,12.254137625608646,0.0
290,977.7505217897198,70.22629770840393,290,0,live_only,99,199.43744562452378,0.0
291,974.5880279507745,97.7017095898488,291,321,double_positive,35,35.32527634196802,53.69194840219131
292,987.398174113721,608.669794644467,292,0,live_only,86,29.578073059243543,0.0
293,4.534666466760496,43.530562958665534,0,1,dead_only,22,0.0,7.390589156403708
294,10.732912461390487,767.5333368925333,0,2,dead_only,18,0.0,7.4175134980642845
295,14.205148052638144,634.7474324856872,0,3,dead_only,31,0.0,9.581404547755014
296,17.394358185989113,834.1272488375488,0,4,dead_only,28,0.0,20.918181753714506
297,29.01118171219783,260.52867502239263,0,5,dead_only,16,0.0,6.514822729572426
298,44.092647377104484,279.20609677382225,0,7,dead_only,30,0.0,28.441681994863114
299,51.34240395540688,70.38723633882509,0,9,dead_only,15,0.0,4.804884719756344
300,57.98811787832133,157.44198491856335,0,10,dead_only,34,0.0,13.938950131860414
301,59.217412135833555,992.6044343955176,0,11,dead_only,34,0.0,12.075841423755021
302,71.7115284686197,1020.0766714312957,0,13,dead_only,12,0.0,4.094613618721149
303,75.44874240674436,813.5167622652145,0,14,dead_only,27,0.0,8.17715909486644
304,94.72589072253784,133.39529545030027,0,18,dead_only,17,0.0,4.85395231121646
305,95.19068938647362,726.8332476008515,0,19,dead_only,21,0.0,6.61238368448869
306,95.43330497360728,889.1688859212213,0,20,dead_only,21,0.0,5.0294228889088926
307,97.40216023920621,855.866663471283,0,21,dead_only,28,0.0,13.813564258246414
308,100.1462613271278,19.947980004954896,0,22,dead_only,35,0.0,23.725953291624243
309,98.65378963709364,561.9455129698277,0,23,dead_only,13,0.0,4.053333068484229
310,107.41275482299038,114.25045484429567,0,24,dead_only,14,0.0,6.071573655836374
311,109.09683699841865,134.8116021205344,0,25,dead_only,23,0.0,8.545323603697534
312,110.33764666932507,314.74666045152327,0,26,dead_only,39,0.0,10.040391820133571
313,113.37494648752457,196.8982064225395,0,27,dead_only,33,0.0,12.92212968659799
314,115.32719660267641,21.57325392995243,0,28,dead_only,45,0.0,14.391076429564672
315,116.25396911437578,383.60323727441454,0,30,dead_only,27,0.0,17.135178464286664
316,120.31091293919097,864.0702503386667,0,31,dead_only,28,0.0,38.95117664750181
317,125.80235076882724,248.33861984001038,0,32,dead_only,24,0.0,5.485106356524274
318,144.893470568409,100.2275482392873,0,35,dead_only,42,0.0,18.027820482368156
319,142.82025957655136,937.2278145537069,0,36,dead_only,20,0.0,5.87051834830535
320,145.76634808227027,10.560270893292593,0,37,dead_only,31,0.0,12.25849868720447
321,145.8149565047396,972.5511224384129,0,39,dead_only,28,0.0,22.40979387627726
322,161.08340444502153,907.316590628559,0,40,dead_only,16,0.0,6.208895970761676
323,168.57899157287588,111.43054381963269,0,41,dead_only,22,0.0,7.21961535985357
324,169.01729986650844,686.9615039101857,0,42,dead_only,20,0.0,6.68391041541647
325,190.12589287264734,658.1410309573944,0,45,dead_only,22,0.0,7.079645282648549
326,197.19600874108949,391.1074400250811,0,46,dead_only,37,0.0,16.614278417868515
327,202.3278115341842,203.20417487592678,0,49,dead_only,17,0.0,4.475490242811241
328,202.33192002982523,318.0286870457135,0,50,dead_only,27,0.0,20.919304378747693
329,206.13701841551443,1000.9564868773476,0,51,dead_only,33,0.0,16.2838282825246
330,223.02542738587883,828.1529385242414,0,56,dead_only,28,0.0,25.46643724819298
331,231.428346614751,103.7589755166803,0,57,dead_only,24,0.0,4.314160583369492
332,237.0172017314027,900.9971200293264,0,58,dead_only,37,0.0,28.01686249809084
333,239.0918096659825,907.8324365595194,0,59,dead_only,42,0.0,10.711154737459205
334,238.35930956071968,478.3297875278303,0,60,dead_only,28,0.0,5.339134421761734
335,277.49722308564816,490.58944315875897,0,66,dead_only,30,0.0,7.306552802396119
336,282.5565415676846,865.4454540145382,0,67,dead_only,29,0.0,4.4325331007420425
337,283.1441036081265,628.1401702180281,0,68,dead_only,32,0.0,27.642893504090537
338,287.4515588903017,66.77045002745771,0,69,dead_only,29,0.0,7.268666519467318
339,296.0397680526364,958.4441037222,0,71,dead_only,20,0.0,7.046628181326602
340,300.9539372704856,707.0026858226388,0,73,dead_only,18,0.0,4.22467799350117
341,306.19295012590254,920.5500797959172,0,74,dead_only,26,0.0,12.279858360546696
342,309.53333742862867,611.9120515922244,0,75,dead_only,38,0.0,19.214014291909105
343,312.4969715003954,290.6802318688811,0,77,dead_only,25,0.0,22.444838067197345
344,317.7404658120069,197.44189068326838,0,78,dead_only,30,0.0,15.714380214737636
345,323.3734352298732,18.34673615256918,0,79,dead_only,31,0.0,7.277632887201526
346,336.01713819316143,302.76819072555406,0,81,dead_only,13,0.0,5.021348021254822
347,348.2634871179611,575.5668450641381,0,83,dead_only,28,0.0,5.070391088180001
348,354.42063859670236,328.0300120965539,0,86,dead_only,25,0.0,7.018865282532847
349,356.11001920076876,514.4214767171437,0,87,dead_only,46,0.0,22.211817912809494
350,357.94861205377657,806.3224067837605,0,89,dead_only,25,0.0,13.850321027730422
351,359.7989243785025,822.3652850258771,0,90,dead_only,27,0.0,19.378593667071694
352,365.00466427585457,387.9651654551218,0,92,dead_only,32,0.0,6.5282456265138755
353,364.2656878776289,422.947808734636,0,93,dead_only,20,0.0,5.344710164496817
354,373.1986560112113,78.12245935597454,0,96,dead_only,52,0.0,15.039939288385725
355,379.61459971761644,305.96111410923044,0,97,dead_only,36,0.0,19.748976388932263
356,389.15120701034067,318.6383601741814,0,100,dead_only,19,0.0,4.755788485372173
357,389.57023204124806,880.8463008026964,0,101,dead_only,13,0.0,4.959220880373008
358,393.7320276388105,119.88336460866851,0,103,dead_only,25,0.0,6.1203647068250975
359,394.48909402373977,68.96997911464769,0,104,dead_only,28,0.0,5.437571758538903
360,397.84366030490145,901.0004235832029,0,105,dead_only,31,0.0,18.939952024778666
361,402.51529495388087,1013.0166201368977,0,108,dead_only,22,0.0,7.492689161347274
362,403.9766181675552,84.56658713064078,0,109,dead_only,27,0.0,9.365696449130963
363,409.43417879593886,771.4797643709732,0,110,dead_only,24,0.0,10.458762246912324
364,410.09838201391483,241.92157168716477,0,111,dead_only,37,0.0,6.676176969221791
365,414.82715374701564,348.70884786043996,0,112,dead_only,32,0.0,7.489755940084159
366,420.14228433060555,607.127997983895,0,113,dead_only,18,0.0,6.918403253053167
367,422.00968264651533,368.9352131368583,0,115,dead_only,21,0.0,10.1485839437781
368,424.0072778892077,949.1896915047238,0,116,dead_only,22,0.0,11.377726618166976
369,425.8474440206424,548.3962706171027,0,117,dead_only,22,0.0,8.47826068671817
370,428.80947331432225,616.9550949773037,0,119,dead_only,18,0.0,7.175861756192063
371,435.84385603408697,1002.4836203839025,0,121,dead_only,13,0.0,4.300224013176903
372,439.0938251959608,320.5183430669635,0,122,dead_only,18,0.0,5.570821757770149
373,439.8066115220368,991.8243986609543,0,123,dead_only,20,0.0,5.607899840078395
374,450.72379207979156,191.42283442850683,0,125,dead_only,26,0.0,21.26231029580865
375,442.202200895945,353.69605717581686,0,126,dead_only,22,0.0,6.455902053612759
376,445.12746603122355,625.3834536772866,0,127,dead_only,19,0.0,9.291907790797362
377,452.9158239432364,492.6385894044043,0,130,dead_only,29,0.0,11.293980306230399
378,457.393274774021,346.25252224752074,0,131,dead_only,23,0.0,13.326913142595412
379,459.43882416818934,32.75252872729908,0,132,dead_only,25,0.0,4.18952581519151
380,460.50351185519617,442.55633453679394,0,133,dead_only,19,0.0,9.542199214313795
381,464.9607824518399,6.864643663759731,0,134,dead_only,36,0.0,15.42772300178922
382,461.1806620764717,11.940849892603307,0,135,dead_only,19,0.0,7.25915607144271
383,469.53953328610027,24.7906679699152,0,137,dead_only,41,0.0,52.58121967751926
384,476.18055202643865,231.45453360417727,0,139,dead_only,39,0.0,16.71100099680708
385,480.99289980226155,700.1874002496182,0,140,dead_only,14,0.0,4.755008541717414
386,483.03593746147106,365.12507944223734,0,141,dead_only,33,0.0,19.897102374036933
387,483.5747939270307,866.0481738407501,0,142,dead_only,27,0.0,19.410462094599094
388,485.2221703566123,470.86948125250376,0,143,dead_only,23,0.0,7.175271868098598
389,490.03163813316183,509.12655807335375,0,145,dead_only,31,0.0,8.518908268486973
390,490.02691361853687,742.0459147729736,0,146,dead_only,27,0.0,24.81611801950451
391,492.94393125278634,255.86861150491674,0,147,dead_only,38,0.0,56.42793406612276
392,492.8995263161624,691.0261463496695,0,148,dead_only,22,0.0,7.748228955348687
393,497.904446588293,188.167669323918,0,149,dead_only,32,0.0,7.613546845036526
394,500.31693912268975,343.9918440158203,0,150,dead_only,36,0.0,22.47009030735909
395,503.38636194798795,149.25579092353945,0,152,dead_only,42,0.0,27.037012551186507
396,519.1204158972864,291.82114639718503,0,153,dead_only,34,0.0,30.698917069354778
397,520.5974059459202,53.127649016528096,0,155,dead_only,21,0.0,8.174733835123186
398,521.1690723764664,548.9623305596929,0,156,dead_only,24,0.0,4.454283121420799
399,533.5166359171441,453.7653256746806,0,157,dead_only,28,0.0,13.308059190829422
400,541.3263729776837,473.35321973376085,0,158,dead_only,15,0.0,6.52227590751413
401,543.8292204646054,835.5579973996157,0,159,dead_only,17,0.0,6.29904932048044
402,549.1137270241303,330.790257732306,0,161,dead_only,24,0.0,5.718313195096217
403,550.7550423772792,533.1681376610726,0,162,dead_only,40,0.0,8.61424266141261
404,553.6196886548748,470.615286067401,0,163,dead_only,25,0.0,4.2100698328188715
405,561.2397691418206,543.9681198018898,0,168,dead_only,26,0.0,4.000113213669967
406,561.8225068694787,298.7813602425808,0,169,dead_only,26,0.0,5.711742082028053
407,568.1680298866096,618.0567777207741,0,171,dead_only,34,0.0,40.43160552601107
408,568.6870961234387,983.6860110808345,0,172,dead_only,24,0.0,9.160641201898574
409,569.5062561014441,748.3421823859161,0,173,dead_only,18,0.0,4.1014178536947385
410,575.4091560802744,172.70661363183623,0,175,dead_only,18,0.0,4.415689436011365
411,574.9149929177453,625.6066181420065,0,176,dead_only,17,0.0,4.382348872317003
412,576.3522866124925,417.95604839725274,0,177,dead_only,25,0.0,29.66839956397697
413,579.4225603784885,1008.219504249366,0,178,dead_only,18,0.0,4.805703979530951
414,585.1859154461284,224.74165437602778,0,179,dead_only,35,0.0,16.892142127734182
415,588.0951064393373,848.9519517392783,0,181,dead_only,22,0.0,12.648919685256175
416,593.8066086994991,87.82412623569918,0,183,dead_only,25,0.0,5.490774900867467
417,598.2452575959804,558.5301243916131,0,186,dead_only,30,0.0,7.656028139162733
418,602.3168008577438,662.6395647504748,0,187,dead_only,13,0.0,4.457567939158172
419,604.9393839705716,783.8842121575233,0,188,dead_only,34,0.0,6.7539370174085915
420,605.7776089593267,623.9118639384219,0,189,dead_only,33,0.0,19.12802233187954
421,607.3128047746529,531.6730317425441,0,190,dead_only,26,0.0,28.45974259073016
422,609.0342681061563,318.7006689247998,0,191,dead_only,41,0.0,35.90537623509956
423,620.4755730267201,526.789074660141,0,192,dead_only,16,0.0,5.6486313785750975
424,623.8742980831018,482.53259137014106,0,193,dead_only,18,0.0,11.01693202533674
425,634.5080682418921,76.39792982085896,0,194,dead_only,30,0.0,34.471429092163966
426,634.288530790998,252.89575672763553,0,195,dead_only,20,0.0,7.039295118387193
427,636.9179821196225,957.8974101969932,0,196,dead_only,33,0.0,22.402820324835915
428,638.876482275002,585.5108119002558,0,197,dead_only,28,0.0,23.404329460822428
429,649.0809747334448,442.8612826450494,0,199,dead_only,34,0.0,27.079892941728026
430,645.7651602487475,424.2943936707628,0,200,dead_only,29,0.0,7.673285521227301
431,648.5647885851229,729.5905386789412,0,201,dead_only,16,0.0,4.9229989590727685
432,652.9298338672332,800.094062736566,0,202,dead_only,31,0.0,24.954801280054472
433,653.8355705180984,636.9361723766984,0,203,dead_only,13,0.0,5.212714278913272
434,661.4700021406455,336.1391652000298,0,204,dead_only,34,0.0,47.31788260279275
435,661.0666920671748,152.44347773396015,0,205,dead_only,21,0.0,4.702009162767062
436,661.2047167113415,680.1683970138716,0,206,dead_only,31,0.0,15.700501540008977
437,663.9983384772462,76.57659334408044,0,207,dead_only,38,0.0,45.771356751820484
438,665.2671593253765,368.3094110523534,0,208,dead_only,29,0.0,9.905512024923443
439,666.6038567484646,981.0085974167594,0,209,dead_only,28,0.0,12.563941965806343
440,668.0865535535369,747.2565859268115,0,210,dead_only,27,0.0,9.06566887743767
441,678.8004858872735,104.64295459341304,0,213,dead_only,20,0.0,13.928165844591192
442,683.687868142983,472.91546062224586,0,214,dead_only,22,0.0,4.510463589290846
443,697.304344568351,499.0891824940828,0,218,dead_only,17,0.0,5.193170857717577
444,698.2787427268794,43.039461356946745,0,219,dead_only,18,0.0,4.167127693494619
445,698.8127613418419,1006.3296544648475,0,221,dead_only,33,0.0,14.872069002762123
446,702.709675796848,185.0574066005665,0,224,dead_only,31,0.0,20.334945839316088
447,701.4068709705283,614.0597385375446,0,225,dead_only,21,0.0,4.9909616810551265
448,705.8272143125017,558.295406449096,0,226,dead_only,34,0.0,5.528168019511304
449,708.0475316399633,625.8956301990514,0,227,dead_only,27,0.0,6.494499928995304
450,725.7222593193862,564.542286686832,0,229,dead_only,34,0.0,7.8355154993419935
451,725.8682930244549,25.46268012411702,0,230,dead_only,22,0.0,4.996627976960343
452,730.1766595210361,877.5560111572838,0,231,dead_only,16,0.0,4.489160470187215
453,734.0074591831701,614.8336132665172,0,233,dead_only,35,0.0,45.06723166699954
454,735.1265473925031,64.03083659089862,0,234,dead_only,19,0.0,4.057403184256536
455,738.8125132134234,973.0123684122334,0,236,dead_only,25,0.0,10.938612625708465
456,740.1783656030074,826.7026934569494,0,237,dead_only,35,0.0,5.414802961598866
457,747.4082359939729,577.837092643163,0,238,dead_only,24,0.0,5.425551625390838
458,748.8230816262575,329.24657888326027,0,239,dead_only,31,0.0,21.079869590710057
459,752.7211598301391,15.187811976735585,0,240,dead_only,35,0.0,10.766773105341782
460,753.5834105643269,135.41991023149524,0,242,dead_only,25,0.0,7.272947920944641
461,764.4484787262612,393.7864960005626,0,244,dead_only,23,0.0,10.281701149192546
462,770.0391034524326,369.0780675159436,0,245,dead_only,20,0.0,4.432482504812882
463,772.5975847662114,69.49607929057312,0,247,dead_only,31,0.0,24.00561389908497
464,779.3691994104194,983.3571681077252,0,248,dead_only,25,0.0,11.220946603788217
465,781.3050337770769,906.7334503170456,0,249,dead_only,18,0.0,4.354235411884919
466,785.1187641986327,37.12865397577953,0,250,dead_only,33,0.0,16.689378984435443
467,785.7222277480577,749.6108507045719,0,251,dead_only,14,0.0,5.580201307065646
468,789.9841723802556,247.70727650422714,0,252,dead_only,39,0.0,7.0001114290713025
469,788.402603489794,451.00721748897064,0,253,dead_only,16,0.0,6.678914271617858
470,807.8820477506993,235.30369964260734,0,256,dead_only,31,0.0,24.64491449931439
471,813.5316193117707,455.2007119030345,0,257,dead_only,34,0.0,18.53703835783861
472,814.284277378646,1010.7385798899934,0,258,dead_only,23,0.0,10.922309762628496
473,825.7452190603975,806.2261026154641,0,260,dead_only,25,0.0,10.425280476812603
474,826.9764344842674,899.3618662747656,0,261,dead_only,25,0.0,22.97578679888628
475,828.6074646603988,275.4706311317297,0,262,dead_only,33,0.0,37.520211188326584
476,834.172396360541,680.8846920757235,0,263,dead_only,12,0.0,4.018090737674136
477,846.8851918591733,257.8413872604774,0,265,dead_only,34,0.0,29.20378887053308
478,849.089601493491,766.9108633798785,0,266,dead_only,18,0.0,4.780432768731665
479,853.0627523502992,887.0425990899652,0,267,dead_only,38,0.0,8.606502210207324
480,854.7039559500072,78.82015683167813,0,268,dead_only,42,0.0,23.589371397390128
481,863.4723819534689,975.8320486573389,0,270,dead_only,19,0.0,10.00117048136394
482,865.5064686247838,946.593277645528,0,271,dead_only,15,0.0,6.28308702457657
483,871.5916648984678,226.03594120762878,0,273,dead_only,28,0.0,7.206239854459516
484,873.0886934208578,402.7050254175301,0,274,dead_only,35,0.0,17.577218461401802
485,872.7889156797612,215.78127590403884,0,275,dead_only,28,0.0,16.332869026705733
486,877.7054668563751,120.15206327894641,0,277,dead_only,32,0.0,16.435366577126022
487,882.2789807417607,809.063913889743,0,279,dead_only,44,0.0,18.327425166253995
488,883.4613608776024,1015.9316588493472,0,280,dead_only,28,0.0,28.259820607371143
489,885.1355652235071,568.955124611985,0,281,dead_only,28,0.0,6.104469020855788
490,889.107079112236,939.7466369694862,0,282,dead_only,35,0.0,22.120041275132916
491,890.7787353116704,833.1676778878942,0,283,dead_only,31,0.0,5.97595459435
492,896.0371623483718,93.7183184399876,0,284,dead_only,18,0.0,4.605492862213071
493,903.7353284354541,155.51270735761452,0,286,dead_only,36,0.0,10.73280902978017
494,902.8665754327067,993.1127219920736,0,287,dead_only,17,0.0,6.282980504918025
495,905.7911605994665,299.019589489842,0,288,dead_only,29,0.0,15.768095991902493
496,907.5884046623412,164.51748989532723,0,289,dead_only,34,0.0,12.642654764528418
497,907.3010973700672,938.584977903311,0,291,dead_only,22,0.0,7.607120932831717
498,916.0514409613074,877.7940987638602,0,293,dead_only,26,0.0,20.86344377772631
499,920.1833066006726,189.89901731315942,0,294,dead_only,77,0.0,16.34435103172093
500,918.2491605367059,913.0562544613948,0,295,dead_only,29,0.0,36.231184029160815
501,923.6065856486415,437.8678813799421,0,297,dead_only,31,0.0,13.752913942921424
502,925.8923640464237,80.49897129281939,0,298,dead_only,40,0.0,6.956339461641512
503,924.7006873006897,396.91843232117395,0,299,dead_only,17,0.0,4.967091096254647
504,926.3719035794815,877.4530698157317,0,301,dead_only,30,0.0,28.493997004915606
505,927.8243393662051,942.0585753518332,0,302,dead_only,24,0.0,24.168901260476833
506,935.9134758278315,246.12270491611238,0,305,dead_only,18,0.0,5.7573123144784
507,940.9192286872415,824.7261307366706,0,306,dead_only,48,0.0,21.33020804964427
508,942.7007591720695,508.76969035506204,0,308,dead_only,27,0.0,26.88129165191775
509,950.4028661506696,548.7322993021227,0,309,dead_only,33,0.0,7.14347285350657
510,950.969661981924,144.77798590375312,0,310,dead_only,31,0.0,9.245436341856673
511,950.0446670152317,377.5553684280786,0,311,dead_only,29,0.0,5.743419755976677
512,956.3645475649391,350.5441918375048,0,312,dead_only,43,0.0,19.886068621541718
513,958.0305509429367,119.62882324497468,0,313,dead_only,32,0.0,7.194441004648976
514,956.8221786362543,945.2643528173566,0,314,dead_only,30,0.0,7.480095822962786
515,961.2508715712722,981.0674579327523,0,315,dead_only,22,0.0,8.698881227301442
516,964.0502073899759,93.52719381387264,0,316,dead_only,37,0.0,6.385524316006521
517,966.3798873968491,144.49665822802942,0,317,dead_only,23,0.0,15.049647337268366
518,966.9141700850872,331.67897789675857,0,318,dead_only,25,0.0,6.369820748581753
519,967.760890665165,284.9008746338397,0,319,dead_only,39,0.0,21.26777446924681
520,969.9884663126851,48.981701509385864,0,320,dead_only,13,0.0,7.509707441244081
521,976.7468998226315,234.9446564222674,0,322,dead_only,32,0.0,7.10991523926469
522,983.9883043896734,493.2279347451063,0,323,dead_only,31,0.0,20.541042527527967
523,998.613093924503,197.19304251317453,0,324,dead_only,24,0.0,6.116981010934901
524,999.0787835436265,291.55122517448774,0,325,dead_only,43,0.0,11.049584465506204
525,1004.5969798916555,116.94819121039818,0,326,dead_only,34,0.0,6.14043574977242
526,1010.4619449784747,41.72549548975661,0,327,dead_only,31,0.0,51.73112989616084
